COV,phi,β
0.1,0.75,7.034483825301131
0.1,0.8,4.753424308822899
0.1,0.85,4.189151036666701
0.1,0.8999999999999999,2.8787932082251526
0.1,0.95,1.2983706488425188
